{
  "Account.js": "/static/webpack_dist/Account.0917862c355ad238abe8.js",
  "AdminApiKeys.js": "/static/webpack_dist/AdminApiKeys.8088576cc4a49a43dccb.js",
  "AdminAuditLog.js": "/static/webpack_dist/AdminAuditLog.91bea8eec2b2adc88b41.js",
  "AdminBackups.js": "/static/webpack_dist/AdminBackups.24a9412fad08652d83cd.js",
  "AdminBranding.js": "/static/webpack_dist/AdminBranding.14e0d26c4f656359ef09.js",
  "AdminCustomFields.js": "/static/webpack_dist/AdminCustomFields.e47e61f37d7ba93f79aa.js",
  "AdminGeoLite.js": "/static/webpack_dist/AdminGeoLite.6c0683e0bcb92fc476e4.js",
  "AdminIndex.js": "/static/webpack_dist/AdminIndex.b5ee5734a8f391d6e717.js",
  "AdminPermissions.js": "/static/webpack_dist/AdminPermissions.f86105609339427e6716.js",
  "AdminSettings.js": "/static/webpack_dist/AdminSettings.542b84824519ad571b4c.js",
  "AdminShoutcast.js": "/static/webpack_dist/AdminShoutcast.542887196a5bc85e2920.js",
  "AdminStations.js": "/static/webpack_dist/AdminStations.b3c62b4ccf17d984f059.js",
  "AdminStorageLocations.js": "/static/webpack_dist/AdminStorageLocations.34fde2191cc39dfd0855.js",
  "AdminUsers.js": "/static/webpack_dist/AdminUsers.cb3a275875fc44dbb32f.js",
  "Dashboard.js": "/static/webpack_dist/Dashboard.49f90817e3ab4abb995d.js",
  "PublicFullPlayer.js": "/static/webpack_dist/PublicFullPlayer.a231ca30e670131e4d51.js",
  "PublicHistory.js": "/static/webpack_dist/PublicHistory.eb8513189adf438a4e55.js",
  "PublicOnDemand.js": "/static/webpack_dist/PublicOnDemand.ada76b456c28c7a6f738.js",
  "PublicPlayer.js": "/static/webpack_dist/PublicPlayer.e4c6f511d264f26f516d.js",
  "PublicRequests.js": "/static/webpack_dist/PublicRequests.cd205e0a41be5cb8a57c.js",
  "PublicSchedule.js": "/static/webpack_dist/PublicSchedule.ff81da6b3f5809740276.js",
  "PublicWebDJ.js": "/static/webpack_dist/PublicWebDJ.4d27d2163ee1d7be8f23.js",
  "Recover.js": "/static/webpack_dist/Recover.3187fb61bd81c6d9506e.js",
  "SetupRegister.js": "/static/webpack_dist/SetupRegister.d6f44faaf729972b1314.js",
  "SetupSettings.js": "/static/webpack_dist/SetupSettings.b85d9a96b8b5ace0b9ec.js",
  "SetupStation.js": "/static/webpack_dist/SetupStation.37966ab9bd578bf83cd9.js",
  "StationsAutomation.js": "/static/webpack_dist/StationsAutomation.8c45b579fe42c3ca0c54.js",
  "StationsFallback.js": "/static/webpack_dist/StationsFallback.99ed53929e605565d0d9.js",
  "StationsLiquidsoapConfig.js": "/static/webpack_dist/StationsLiquidsoapConfig.86a277d4fa64500852a6.js",
  "StationsMedia.js": "/static/webpack_dist/StationsMedia.5ee580fc844ad32f9470.js",
  "StationsMounts.js": "/static/webpack_dist/StationsMounts.a0b100ad67a8dec11bb7.js",
  "StationsPlaylists.js": "/static/webpack_dist/StationsPlaylists.62ac1a38e93c21034b46.js",
  "StationsPodcasts.js": "/static/webpack_dist/StationsPodcasts.18e103bd97f773019916.js",
  "StationsProfile.js": "/static/webpack_dist/StationsProfile.56e0c93a517aa3d990c6.js",
  "StationsProfileEdit.js": "/static/webpack_dist/StationsProfileEdit.4b69d3c647522190de5f.js",
  "StationsQueue.js": "/static/webpack_dist/StationsQueue.2300e1ecb7b57685aa1a.js",
  "StationsRemotes.js": "/static/webpack_dist/StationsRemotes.2b1c9efbdff6f3d74f5e.js",
  "StationsReportsListeners.js": "/static/webpack_dist/StationsReportsListeners.25c4c66a31194cb0e9cc.js",
  "StationsReportsOverview.js": "/static/webpack_dist/StationsReportsOverview.b1675334de36cb53be23.js",
  "StationsReportsPerformance.js": "/static/webpack_dist/StationsReportsPerformance.142e259e754ec50a7dd3.js",
  "StationsReportsRequests.js": "/static/webpack_dist/StationsReportsRequests.4fee868f69ddda03b06f.js",
  "StationsReportsSoundExchange.js": "/static/webpack_dist/StationsReportsSoundExchange.251c5cc6860df9ba09ad.js",
  "StationsReportsTimeline.js": "/static/webpack_dist/StationsReportsTimeline.1299775efe4cb31ba818.js",
  "StationsSftpUsers.js": "/static/webpack_dist/StationsSftpUsers.7a27e2aba63182feac18.js",
  "StationsStreamers.js": "/static/webpack_dist/StationsStreamers.9315e9761b2b9b2eaa34.js",
  "StationsWebhooks.js": "/static/webpack_dist/StationsWebhooks.fe754d2f9e2fd467d190.js",
  "entrypoints": {
    "Account": {
      "assets": {
        "js": [
          "/static/webpack_dist/translations.2b1a96d9ad8130be4648.js",
          "/static/webpack_dist/vendor-vue.47ccf4be09cdae4503a9.js",
          "/static/webpack_dist/vendor-axios.49fc44eff6e0dd2d4787.js",
          "/static/webpack_dist/vendor-vue-gettext.dfe900c742189ebcfa00.js",
          "/static/webpack_dist/vendor-vue-style-loader.041934a36976ef1e9537.js",
          "/static/webpack_dist/vendor-css-loader.8b885a64f3aca0a9db0d.js",
          "/static/webpack_dist/vendor-vue-loader.7f3457fa5e928cf4e86f.js",
          "/static/webpack_dist/vendor-vue-axios.d9f48479f486057d8401.js",
          "/static/webpack_dist/vendor-bootstrap-vue.370d43a5c72ab961faf1.js",
          "/static/webpack_dist/vendor-popper.js.0ddf606065ad36bd4566.js",
          "/static/webpack_dist/vendor-portal-vue.a95db3231c559d2d612d.js",
          "/static/webpack_dist/vendor-vue-functional-data-merge.2a0897724eeac5531c14.js",
          "/static/webpack_dist/vendor-lodash.a277b42957dc4f3fd2c9.js",
          "/static/webpack_dist/vendor-store.92c4ae7c1885ea1ff34c.js",
          "/static/webpack_dist/vendor-vuelidate.427ab1afe1206bc425ec.js",
          "/static/webpack_dist/vendor-sweetalert2.0e278f77cdfd2f3c92d8.js",
          "/static/webpack_dist/vendor-zxcvbn.72602c3c40afd9102a26.js",
          "/static/webpack_dist/vendor-clipboard.20591cb12093ed0b15ed.js",
          "/static/webpack_dist/vendor-vue-clipboard2.7fe002b558b2f37798d7.js",
          "/static/webpack_dist/Account.0917862c355ad238abe8.js"
        ]
      }
    },
    "Dashboard": {
      "assets": {
        "js": [
          "/static/webpack_dist/translations.2b1a96d9ad8130be4648.js",
          "/static/webpack_dist/vendor-vue.47ccf4be09cdae4503a9.js",
          "/static/webpack_dist/vendor-axios.49fc44eff6e0dd2d4787.js",
          "/static/webpack_dist/vendor-vue-gettext.dfe900c742189ebcfa00.js",
          "/static/webpack_dist/vendor-vue-style-loader.041934a36976ef1e9537.js",
          "/static/webpack_dist/vendor-css-loader.8b885a64f3aca0a9db0d.js",
          "/static/webpack_dist/vendor-vue-loader.7f3457fa5e928cf4e86f.js",
          "/static/webpack_dist/vendor-vue-axios.d9f48479f486057d8401.js",
          "/static/webpack_dist/vendor-bootstrap-vue.370d43a5c72ab961faf1.js",
          "/static/webpack_dist/vendor-popper.js.0ddf606065ad36bd4566.js",
          "/static/webpack_dist/vendor-portal-vue.a95db3231c559d2d612d.js",
          "/static/webpack_dist/vendor-vue-functional-data-merge.2a0897724eeac5531c14.js",
          "/static/webpack_dist/vendor-lodash.a277b42957dc4f3fd2c9.js",
          "/static/webpack_dist/vendor-store.92c4ae7c1885ea1ff34c.js",
          "/static/webpack_dist/vendor-luxon.d44d02d431bd4d4edb4e.js",
          "/static/webpack_dist/vendor-vuex.22634263b539c6cddd4a.js",
          "/static/webpack_dist/vendor-fancyapps.459fd98a16c638053ff0.js",
          "/static/webpack_dist/vendor-chart.js.4b038cff26935e8f2433.js",
          "/static/webpack_dist/vendor-hammerjs.8414646a28686abc3ebd.js",
          "/static/webpack_dist/vendor-chartjs-plugin-zoom.f35f30d36962e351740d.js",
          "/static/webpack_dist/vendor-chartjs-adapter-luxon.1351828aec75198873fb.js",
          "/static/webpack_dist/Dashboard.49f90817e3ab4abb995d.js"
        ]
      }
    },
    "AdminApiKeys": {
      "assets": {
        "js": [
          "/static/webpack_dist/translations.2b1a96d9ad8130be4648.js",
          "/static/webpack_dist/vendor-vue.47ccf4be09cdae4503a9.js",
          "/static/webpack_dist/vendor-axios.49fc44eff6e0dd2d4787.js",
          "/static/webpack_dist/vendor-vue-gettext.dfe900c742189ebcfa00.js",
          "/static/webpack_dist/vendor-vue-style-loader.041934a36976ef1e9537.js",
          "/static/webpack_dist/vendor-css-loader.8b885a64f3aca0a9db0d.js",
          "/static/webpack_dist/vendor-vue-loader.7f3457fa5e928cf4e86f.js",
          "/static/webpack_dist/vendor-vue-axios.d9f48479f486057d8401.js",
          "/static/webpack_dist/vendor-bootstrap-vue.370d43a5c72ab961faf1.js",
          "/static/webpack_dist/vendor-popper.js.0ddf606065ad36bd4566.js",
          "/static/webpack_dist/vendor-portal-vue.a95db3231c559d2d612d.js",
          "/static/webpack_dist/vendor-vue-functional-data-merge.2a0897724eeac5531c14.js",
          "/static/webpack_dist/vendor-lodash.a277b42957dc4f3fd2c9.js",
          "/static/webpack_dist/vendor-store.92c4ae7c1885ea1ff34c.js",
          "/static/webpack_dist/vendor-sweetalert2.0e278f77cdfd2f3c92d8.js",
          "/static/webpack_dist/AdminApiKeys.8088576cc4a49a43dccb.js"
        ]
      }
    },
    "AdminAuditLog": {
      "assets": {
        "js": [
          "/static/webpack_dist/translations.2b1a96d9ad8130be4648.js",
          "/static/webpack_dist/vendor-vue.47ccf4be09cdae4503a9.js",
          "/static/webpack_dist/vendor-axios.49fc44eff6e0dd2d4787.js",
          "/static/webpack_dist/vendor-vue-gettext.dfe900c742189ebcfa00.js",
          "/static/webpack_dist/vendor-vue-style-loader.041934a36976ef1e9537.js",
          "/static/webpack_dist/vendor-css-loader.8b885a64f3aca0a9db0d.js",
          "/static/webpack_dist/vendor-vue-loader.7f3457fa5e928cf4e86f.js",
          "/static/webpack_dist/vendor-vue-axios.d9f48479f486057d8401.js",
          "/static/webpack_dist/vendor-bootstrap-vue.370d43a5c72ab961faf1.js",
          "/static/webpack_dist/vendor-popper.js.0ddf606065ad36bd4566.js",
          "/static/webpack_dist/vendor-portal-vue.a95db3231c559d2d612d.js",
          "/static/webpack_dist/vendor-vue-functional-data-merge.2a0897724eeac5531c14.js",
          "/static/webpack_dist/vendor-lodash.a277b42957dc4f3fd2c9.js",
          "/static/webpack_dist/vendor-store.92c4ae7c1885ea1ff34c.js",
          "/static/webpack_dist/vendor-luxon.d44d02d431bd4d4edb4e.js",
          "/static/webpack_dist/vendor-vue2-daterange-picker.6774698b12ab06cacc01.js",
          "/static/webpack_dist/AdminAuditLog.91bea8eec2b2adc88b41.js"
        ]
      }
    },
    "AdminBackups": {
      "assets": {
        "js": [
          "/static/webpack_dist/translations.2b1a96d9ad8130be4648.js",
          "/static/webpack_dist/vendor-vue.47ccf4be09cdae4503a9.js",
          "/static/webpack_dist/vendor-axios.49fc44eff6e0dd2d4787.js",
          "/static/webpack_dist/vendor-vue-gettext.dfe900c742189ebcfa00.js",
          "/static/webpack_dist/vendor-vue-style-loader.041934a36976ef1e9537.js",
          "/static/webpack_dist/vendor-css-loader.8b885a64f3aca0a9db0d.js",
          "/static/webpack_dist/vendor-vue-loader.7f3457fa5e928cf4e86f.js",
          "/static/webpack_dist/vendor-vue-axios.d9f48479f486057d8401.js",
          "/static/webpack_dist/vendor-bootstrap-vue.370d43a5c72ab961faf1.js",
          "/static/webpack_dist/vendor-popper.js.0ddf606065ad36bd4566.js",
          "/static/webpack_dist/vendor-portal-vue.a95db3231c559d2d612d.js",
          "/static/webpack_dist/vendor-vue-functional-data-merge.2a0897724eeac5531c14.js",
          "/static/webpack_dist/vendor-lodash.a277b42957dc4f3fd2c9.js",
          "/static/webpack_dist/vendor-store.92c4ae7c1885ea1ff34c.js",
          "/static/webpack_dist/vendor-vuelidate.427ab1afe1206bc425ec.js",
          "/static/webpack_dist/vendor-sweetalert2.0e278f77cdfd2f3c92d8.js",
          "/static/webpack_dist/vendor-luxon.d44d02d431bd4d4edb4e.js",
          "/static/webpack_dist/vendor-codemirror.641157d19a65ff27ed1f.js",
          "/static/webpack_dist/AdminBackups.24a9412fad08652d83cd.js"
        ]
      }
    },
    "AdminBranding": {
      "assets": {
        "js": [
          "/static/webpack_dist/translations.2b1a96d9ad8130be4648.js",
          "/static/webpack_dist/vendor-vue.47ccf4be09cdae4503a9.js",
          "/static/webpack_dist/vendor-axios.49fc44eff6e0dd2d4787.js",
          "/static/webpack_dist/vendor-vue-gettext.dfe900c742189ebcfa00.js",
          "/static/webpack_dist/vendor-vue-style-loader.041934a36976ef1e9537.js",
          "/static/webpack_dist/vendor-css-loader.8b885a64f3aca0a9db0d.js",
          "/static/webpack_dist/vendor-vue-loader.7f3457fa5e928cf4e86f.js",
          "/static/webpack_dist/vendor-vue-axios.d9f48479f486057d8401.js",
          "/static/webpack_dist/vendor-bootstrap-vue.370d43a5c72ab961faf1.js",
          "/static/webpack_dist/vendor-popper.js.0ddf606065ad36bd4566.js",
          "/static/webpack_dist/vendor-portal-vue.a95db3231c559d2d612d.js",
          "/static/webpack_dist/vendor-vue-functional-data-merge.2a0897724eeac5531c14.js",
          "/static/webpack_dist/vendor-lodash.a277b42957dc4f3fd2c9.js",
          "/static/webpack_dist/vendor-vuelidate.427ab1afe1206bc425ec.js",
          "/static/webpack_dist/vendor-fancyapps.459fd98a16c638053ff0.js",
          "/static/webpack_dist/vendor-codemirror.641157d19a65ff27ed1f.js",
          "/static/webpack_dist/AdminBranding.14e0d26c4f656359ef09.js"
        ]
      }
    },
    "AdminCustomFields": {
      "assets": {
        "js": [
          "/static/webpack_dist/translations.2b1a96d9ad8130be4648.js",
          "/static/webpack_dist/vendor-vue.47ccf4be09cdae4503a9.js",
          "/static/webpack_dist/vendor-axios.49fc44eff6e0dd2d4787.js",
          "/static/webpack_dist/vendor-vue-gettext.dfe900c742189ebcfa00.js",
          "/static/webpack_dist/vendor-vue-style-loader.041934a36976ef1e9537.js",
          "/static/webpack_dist/vendor-css-loader.8b885a64f3aca0a9db0d.js",
          "/static/webpack_dist/vendor-vue-loader.7f3457fa5e928cf4e86f.js",
          "/static/webpack_dist/vendor-vue-axios.d9f48479f486057d8401.js",
          "/static/webpack_dist/vendor-bootstrap-vue.370d43a5c72ab961faf1.js",
          "/static/webpack_dist/vendor-popper.js.0ddf606065ad36bd4566.js",
          "/static/webpack_dist/vendor-portal-vue.a95db3231c559d2d612d.js",
          "/static/webpack_dist/vendor-vue-functional-data-merge.2a0897724eeac5531c14.js",
          "/static/webpack_dist/vendor-lodash.a277b42957dc4f3fd2c9.js",
          "/static/webpack_dist/vendor-store.92c4ae7c1885ea1ff34c.js",
          "/static/webpack_dist/vendor-vuelidate.427ab1afe1206bc425ec.js",
          "/static/webpack_dist/vendor-sweetalert2.0e278f77cdfd2f3c92d8.js",
          "/static/webpack_dist/AdminCustomFields.e47e61f37d7ba93f79aa.js"
        ]
      }
    },
    "AdminGeoLite": {
      "assets": {
        "js": [
          "/static/webpack_dist/translations.2b1a96d9ad8130be4648.js",
          "/static/webpack_dist/vendor-vue.47ccf4be09cdae4503a9.js",
          "/static/webpack_dist/vendor-axios.49fc44eff6e0dd2d4787.js",
          "/static/webpack_dist/vendor-vue-gettext.dfe900c742189ebcfa00.js",
          "/static/webpack_dist/vendor-vue-style-loader.041934a36976ef1e9537.js",
          "/static/webpack_dist/vendor-css-loader.8b885a64f3aca0a9db0d.js",
          "/static/webpack_dist/vendor-vue-loader.7f3457fa5e928cf4e86f.js",
          "/static/webpack_dist/vendor-vue-axios.d9f48479f486057d8401.js",
          "/static/webpack_dist/vendor-bootstrap-vue.370d43a5c72ab961faf1.js",
          "/static/webpack_dist/vendor-popper.js.0ddf606065ad36bd4566.js",
          "/static/webpack_dist/vendor-portal-vue.a95db3231c559d2d612d.js",
          "/static/webpack_dist/vendor-vue-functional-data-merge.2a0897724eeac5531c14.js",
          "/static/webpack_dist/vendor-lodash.a277b42957dc4f3fd2c9.js",
          "/static/webpack_dist/vendor-vuelidate.427ab1afe1206bc425ec.js",
          "/static/webpack_dist/vendor-sweetalert2.0e278f77cdfd2f3c92d8.js",
          "/static/webpack_dist/AdminGeoLite.6c0683e0bcb92fc476e4.js"
        ]
      }
    },
    "AdminIndex": {
      "assets": {
        "js": [
          "/static/webpack_dist/translations.2b1a96d9ad8130be4648.js",
          "/static/webpack_dist/vendor-vue.47ccf4be09cdae4503a9.js",
          "/static/webpack_dist/vendor-axios.49fc44eff6e0dd2d4787.js",
          "/static/webpack_dist/vendor-vue-gettext.dfe900c742189ebcfa00.js",
          "/static/webpack_dist/vendor-vue-style-loader.041934a36976ef1e9537.js",
          "/static/webpack_dist/vendor-css-loader.8b885a64f3aca0a9db0d.js",
          "/static/webpack_dist/vendor-vue-loader.7f3457fa5e928cf4e86f.js",
          "/static/webpack_dist/vendor-vue-axios.d9f48479f486057d8401.js",
          "/static/webpack_dist/vendor-bootstrap-vue.370d43a5c72ab961faf1.js",
          "/static/webpack_dist/vendor-popper.js.0ddf606065ad36bd4566.js",
          "/static/webpack_dist/vendor-portal-vue.a95db3231c559d2d612d.js",
          "/static/webpack_dist/vendor-vue-functional-data-merge.2a0897724eeac5531c14.js",
          "/static/webpack_dist/vendor-lodash.a277b42957dc4f3fd2c9.js",
          "/static/webpack_dist/vendor-sweetalert2.0e278f77cdfd2f3c92d8.js",
          "/static/webpack_dist/AdminIndex.b5ee5734a8f391d6e717.js"
        ]
      }
    },
    "AdminPermissions": {
      "assets": {
        "js": [
          "/static/webpack_dist/translations.2b1a96d9ad8130be4648.js",
          "/static/webpack_dist/vendor-vue.47ccf4be09cdae4503a9.js",
          "/static/webpack_dist/vendor-axios.49fc44eff6e0dd2d4787.js",
          "/static/webpack_dist/vendor-vue-gettext.dfe900c742189ebcfa00.js",
          "/static/webpack_dist/vendor-vue-style-loader.041934a36976ef1e9537.js",
          "/static/webpack_dist/vendor-css-loader.8b885a64f3aca0a9db0d.js",
          "/static/webpack_dist/vendor-vue-loader.7f3457fa5e928cf4e86f.js",
          "/static/webpack_dist/vendor-vue-axios.d9f48479f486057d8401.js",
          "/static/webpack_dist/vendor-bootstrap-vue.370d43a5c72ab961faf1.js",
          "/static/webpack_dist/vendor-popper.js.0ddf606065ad36bd4566.js",
          "/static/webpack_dist/vendor-portal-vue.a95db3231c559d2d612d.js",
          "/static/webpack_dist/vendor-vue-functional-data-merge.2a0897724eeac5531c14.js",
          "/static/webpack_dist/vendor-lodash.a277b42957dc4f3fd2c9.js",
          "/static/webpack_dist/vendor-store.92c4ae7c1885ea1ff34c.js",
          "/static/webpack_dist/vendor-vuelidate.427ab1afe1206bc425ec.js",
          "/static/webpack_dist/vendor-sweetalert2.0e278f77cdfd2f3c92d8.js",
          "/static/webpack_dist/AdminPermissions.f86105609339427e6716.js"
        ]
      }
    },
    "AdminSettings": {
      "assets": {
        "js": [
          "/static/webpack_dist/translations.2b1a96d9ad8130be4648.js",
          "/static/webpack_dist/vendor-vue.47ccf4be09cdae4503a9.js",
          "/static/webpack_dist/vendor-axios.49fc44eff6e0dd2d4787.js",
          "/static/webpack_dist/vendor-vue-gettext.dfe900c742189ebcfa00.js",
          "/static/webpack_dist/vendor-vue-style-loader.041934a36976ef1e9537.js",
          "/static/webpack_dist/vendor-css-loader.8b885a64f3aca0a9db0d.js",
          "/static/webpack_dist/vendor-vue-loader.7f3457fa5e928cf4e86f.js",
          "/static/webpack_dist/vendor-vue-axios.d9f48479f486057d8401.js",
          "/static/webpack_dist/vendor-bootstrap-vue.370d43a5c72ab961faf1.js",
          "/static/webpack_dist/vendor-popper.js.0ddf606065ad36bd4566.js",
          "/static/webpack_dist/vendor-portal-vue.a95db3231c559d2d612d.js",
          "/static/webpack_dist/vendor-vue-functional-data-merge.2a0897724eeac5531c14.js",
          "/static/webpack_dist/vendor-lodash.a277b42957dc4f3fd2c9.js",
          "/static/webpack_dist/vendor-vuelidate.427ab1afe1206bc425ec.js",
          "/static/webpack_dist/AdminSettings.542b84824519ad571b4c.js"
        ]
      }
    },
    "AdminShoutcast": {
      "assets": {
        "js": [
          "/static/webpack_dist/translations.2b1a96d9ad8130be4648.js",
          "/static/webpack_dist/vendor-vue.47ccf4be09cdae4503a9.js",
          "/static/webpack_dist/vendor-axios.49fc44eff6e0dd2d4787.js",
          "/static/webpack_dist/vendor-vue-gettext.dfe900c742189ebcfa00.js",
          "/static/webpack_dist/vendor-vue-style-loader.041934a36976ef1e9537.js",
          "/static/webpack_dist/vendor-css-loader.8b885a64f3aca0a9db0d.js",
          "/static/webpack_dist/vendor-vue-loader.7f3457fa5e928cf4e86f.js",
          "/static/webpack_dist/vendor-vue-axios.d9f48479f486057d8401.js",
          "/static/webpack_dist/vendor-bootstrap-vue.370d43a5c72ab961faf1.js",
          "/static/webpack_dist/vendor-popper.js.0ddf606065ad36bd4566.js",
          "/static/webpack_dist/vendor-portal-vue.a95db3231c559d2d612d.js",
          "/static/webpack_dist/vendor-vue-functional-data-merge.2a0897724eeac5531c14.js",
          "/static/webpack_dist/vendor-lodash.a277b42957dc4f3fd2c9.js",
          "/static/webpack_dist/vendor-flowjs.f8c61024fab61387d09b.js",
          "/static/webpack_dist/AdminShoutcast.542887196a5bc85e2920.js"
        ]
      }
    },
    "AdminStations": {
      "assets": {
        "js": [
          "/static/webpack_dist/translations.2b1a96d9ad8130be4648.js",
          "/static/webpack_dist/vendor-vue.47ccf4be09cdae4503a9.js",
          "/static/webpack_dist/vendor-axios.49fc44eff6e0dd2d4787.js",
          "/static/webpack_dist/vendor-vue-gettext.dfe900c742189ebcfa00.js",
          "/static/webpack_dist/vendor-vue-style-loader.041934a36976ef1e9537.js",
          "/static/webpack_dist/vendor-css-loader.8b885a64f3aca0a9db0d.js",
          "/static/webpack_dist/vendor-vue-loader.7f3457fa5e928cf4e86f.js",
          "/static/webpack_dist/vendor-vue-axios.d9f48479f486057d8401.js",
          "/static/webpack_dist/vendor-bootstrap-vue.370d43a5c72ab961faf1.js",
          "/static/webpack_dist/vendor-popper.js.0ddf606065ad36bd4566.js",
          "/static/webpack_dist/vendor-portal-vue.a95db3231c559d2d612d.js",
          "/static/webpack_dist/vendor-vue-functional-data-merge.2a0897724eeac5531c14.js",
          "/static/webpack_dist/vendor-lodash.a277b42957dc4f3fd2c9.js",
          "/static/webpack_dist/vendor-store.92c4ae7c1885ea1ff34c.js",
          "/static/webpack_dist/vendor-vuelidate.427ab1afe1206bc425ec.js",
          "/static/webpack_dist/vendor-sweetalert2.0e278f77cdfd2f3c92d8.js",
          "/static/webpack_dist/AdminStations.b3c62b4ccf17d984f059.js"
        ]
      }
    },
    "AdminStorageLocations": {
      "assets": {
        "js": [
          "/static/webpack_dist/translations.2b1a96d9ad8130be4648.js",
          "/static/webpack_dist/vendor-vue.47ccf4be09cdae4503a9.js",
          "/static/webpack_dist/vendor-axios.49fc44eff6e0dd2d4787.js",
          "/static/webpack_dist/vendor-vue-gettext.dfe900c742189ebcfa00.js",
          "/static/webpack_dist/vendor-vue-style-loader.041934a36976ef1e9537.js",
          "/static/webpack_dist/vendor-css-loader.8b885a64f3aca0a9db0d.js",
          "/static/webpack_dist/vendor-vue-loader.7f3457fa5e928cf4e86f.js",
          "/static/webpack_dist/vendor-vue-axios.d9f48479f486057d8401.js",
          "/static/webpack_dist/vendor-bootstrap-vue.370d43a5c72ab961faf1.js",
          "/static/webpack_dist/vendor-popper.js.0ddf606065ad36bd4566.js",
          "/static/webpack_dist/vendor-portal-vue.a95db3231c559d2d612d.js",
          "/static/webpack_dist/vendor-vue-functional-data-merge.2a0897724eeac5531c14.js",
          "/static/webpack_dist/vendor-lodash.a277b42957dc4f3fd2c9.js",
          "/static/webpack_dist/vendor-store.92c4ae7c1885ea1ff34c.js",
          "/static/webpack_dist/vendor-vuelidate.427ab1afe1206bc425ec.js",
          "/static/webpack_dist/vendor-sweetalert2.0e278f77cdfd2f3c92d8.js",
          "/static/webpack_dist/AdminStorageLocations.34fde2191cc39dfd0855.js"
        ]
      }
    },
    "AdminUsers": {
      "assets": {
        "js": [
          "/static/webpack_dist/translations.2b1a96d9ad8130be4648.js",
          "/static/webpack_dist/vendor-vue.47ccf4be09cdae4503a9.js",
          "/static/webpack_dist/vendor-axios.49fc44eff6e0dd2d4787.js",
          "/static/webpack_dist/vendor-vue-gettext.dfe900c742189ebcfa00.js",
          "/static/webpack_dist/vendor-vue-style-loader.041934a36976ef1e9537.js",
          "/static/webpack_dist/vendor-css-loader.8b885a64f3aca0a9db0d.js",
          "/static/webpack_dist/vendor-vue-loader.7f3457fa5e928cf4e86f.js",
          "/static/webpack_dist/vendor-vue-axios.d9f48479f486057d8401.js",
          "/static/webpack_dist/vendor-bootstrap-vue.370d43a5c72ab961faf1.js",
          "/static/webpack_dist/vendor-popper.js.0ddf606065ad36bd4566.js",
          "/static/webpack_dist/vendor-portal-vue.a95db3231c559d2d612d.js",
          "/static/webpack_dist/vendor-vue-functional-data-merge.2a0897724eeac5531c14.js",
          "/static/webpack_dist/vendor-lodash.a277b42957dc4f3fd2c9.js",
          "/static/webpack_dist/vendor-store.92c4ae7c1885ea1ff34c.js",
          "/static/webpack_dist/vendor-vuelidate.427ab1afe1206bc425ec.js",
          "/static/webpack_dist/vendor-sweetalert2.0e278f77cdfd2f3c92d8.js",
          "/static/webpack_dist/vendor-zxcvbn.72602c3c40afd9102a26.js",
          "/static/webpack_dist/AdminUsers.cb3a275875fc44dbb32f.js"
        ]
      }
    },
    "PublicFullPlayer": {
      "assets": {
        "js": [
          "/static/webpack_dist/translations.2b1a96d9ad8130be4648.js",
          "/static/webpack_dist/vendor-vue.47ccf4be09cdae4503a9.js",
          "/static/webpack_dist/vendor-axios.49fc44eff6e0dd2d4787.js",
          "/static/webpack_dist/vendor-vue-gettext.dfe900c742189ebcfa00.js",
          "/static/webpack_dist/vendor-vue-style-loader.041934a36976ef1e9537.js",
          "/static/webpack_dist/vendor-css-loader.8b885a64f3aca0a9db0d.js",
          "/static/webpack_dist/vendor-vue-loader.7f3457fa5e928cf4e86f.js",
          "/static/webpack_dist/vendor-vue-axios.d9f48479f486057d8401.js",
          "/static/webpack_dist/vendor-bootstrap-vue.370d43a5c72ab961faf1.js",
          "/static/webpack_dist/vendor-popper.js.0ddf606065ad36bd4566.js",
          "/static/webpack_dist/vendor-portal-vue.a95db3231c559d2d612d.js",
          "/static/webpack_dist/vendor-vue-functional-data-merge.2a0897724eeac5531c14.js",
          "/static/webpack_dist/vendor-lodash.a277b42957dc4f3fd2c9.js",
          "/static/webpack_dist/vendor-store.92c4ae7c1885ea1ff34c.js",
          "/static/webpack_dist/vendor-luxon.d44d02d431bd4d4edb4e.js",
          "/static/webpack_dist/vendor-vuex.22634263b539c6cddd4a.js",
          "/static/webpack_dist/vendor-fancyapps.459fd98a16c638053ff0.js",
          "/static/webpack_dist/vendor-nchan.0093c5a5a8d3823a8a4e.js",
          "/static/webpack_dist/PublicFullPlayer.a231ca30e670131e4d51.js"
        ]
      }
    },
    "PublicHistory": {
      "assets": {
        "js": [
          "/static/webpack_dist/translations.2b1a96d9ad8130be4648.js",
          "/static/webpack_dist/vendor-vue.47ccf4be09cdae4503a9.js",
          "/static/webpack_dist/vendor-axios.49fc44eff6e0dd2d4787.js",
          "/static/webpack_dist/vendor-vue-gettext.dfe900c742189ebcfa00.js",
          "/static/webpack_dist/vendor-vue-style-loader.041934a36976ef1e9537.js",
          "/static/webpack_dist/vendor-css-loader.8b885a64f3aca0a9db0d.js",
          "/static/webpack_dist/vendor-vue-loader.7f3457fa5e928cf4e86f.js",
          "/static/webpack_dist/vendor-vue-axios.d9f48479f486057d8401.js",
          "/static/webpack_dist/vendor-luxon.d44d02d431bd4d4edb4e.js",
          "/static/webpack_dist/vendor-nchan.0093c5a5a8d3823a8a4e.js",
          "/static/webpack_dist/PublicHistory.eb8513189adf438a4e55.js"
        ]
      }
    },
    "PublicOnDemand": {
      "assets": {
        "js": [
          "/static/webpack_dist/translations.2b1a96d9ad8130be4648.js",
          "/static/webpack_dist/vendor-vue.47ccf4be09cdae4503a9.js",
          "/static/webpack_dist/vendor-axios.49fc44eff6e0dd2d4787.js",
          "/static/webpack_dist/vendor-vue-gettext.dfe900c742189ebcfa00.js",
          "/static/webpack_dist/vendor-vue-style-loader.041934a36976ef1e9537.js",
          "/static/webpack_dist/vendor-css-loader.8b885a64f3aca0a9db0d.js",
          "/static/webpack_dist/vendor-vue-loader.7f3457fa5e928cf4e86f.js",
          "/static/webpack_dist/vendor-vue-axios.d9f48479f486057d8401.js",
          "/static/webpack_dist/vendor-bootstrap-vue.370d43a5c72ab961faf1.js",
          "/static/webpack_dist/vendor-popper.js.0ddf606065ad36bd4566.js",
          "/static/webpack_dist/vendor-portal-vue.a95db3231c559d2d612d.js",
          "/static/webpack_dist/vendor-vue-functional-data-merge.2a0897724eeac5531c14.js",
          "/static/webpack_dist/vendor-lodash.a277b42957dc4f3fd2c9.js",
          "/static/webpack_dist/vendor-store.92c4ae7c1885ea1ff34c.js",
          "/static/webpack_dist/vendor-vuex.22634263b539c6cddd4a.js",
          "/static/webpack_dist/PublicOnDemand.ada76b456c28c7a6f738.js"
        ]
      }
    },
    "PublicPlayer": {
      "assets": {
        "js": [
          "/static/webpack_dist/translations.2b1a96d9ad8130be4648.js",
          "/static/webpack_dist/vendor-vue.47ccf4be09cdae4503a9.js",
          "/static/webpack_dist/vendor-axios.49fc44eff6e0dd2d4787.js",
          "/static/webpack_dist/vendor-vue-gettext.dfe900c742189ebcfa00.js",
          "/static/webpack_dist/vendor-vue-style-loader.041934a36976ef1e9537.js",
          "/static/webpack_dist/vendor-css-loader.8b885a64f3aca0a9db0d.js",
          "/static/webpack_dist/vendor-vue-loader.7f3457fa5e928cf4e86f.js",
          "/static/webpack_dist/vendor-vue-axios.d9f48479f486057d8401.js",
          "/static/webpack_dist/vendor-store.92c4ae7c1885ea1ff34c.js",
          "/static/webpack_dist/vendor-vuex.22634263b539c6cddd4a.js",
          "/static/webpack_dist/vendor-nchan.0093c5a5a8d3823a8a4e.js",
          "/static/webpack_dist/PublicPlayer.e4c6f511d264f26f516d.js"
        ]
      }
    },
    "PublicRequests": {
      "assets": {
        "js": [
          "/static/webpack_dist/translations.2b1a96d9ad8130be4648.js",
          "/static/webpack_dist/vendor-vue.47ccf4be09cdae4503a9.js",
          "/static/webpack_dist/vendor-axios.49fc44eff6e0dd2d4787.js",
          "/static/webpack_dist/vendor-vue-gettext.dfe900c742189ebcfa00.js",
          "/static/webpack_dist/vendor-vue-style-loader.041934a36976ef1e9537.js",
          "/static/webpack_dist/vendor-css-loader.8b885a64f3aca0a9db0d.js",
          "/static/webpack_dist/vendor-vue-loader.7f3457fa5e928cf4e86f.js",
          "/static/webpack_dist/vendor-vue-axios.d9f48479f486057d8401.js",
          "/static/webpack_dist/vendor-bootstrap-vue.370d43a5c72ab961faf1.js",
          "/static/webpack_dist/vendor-popper.js.0ddf606065ad36bd4566.js",
          "/static/webpack_dist/vendor-portal-vue.a95db3231c559d2d612d.js",
          "/static/webpack_dist/vendor-vue-functional-data-merge.2a0897724eeac5531c14.js",
          "/static/webpack_dist/vendor-lodash.a277b42957dc4f3fd2c9.js",
          "/static/webpack_dist/vendor-store.92c4ae7c1885ea1ff34c.js",
          "/static/webpack_dist/PublicRequests.cd205e0a41be5cb8a57c.js"
        ]
      }
    },
    "PublicSchedule": {
      "assets": {
        "js": [
          "/static/webpack_dist/translations.2b1a96d9ad8130be4648.js",
          "/static/webpack_dist/vendor-vue.47ccf4be09cdae4503a9.js",
          "/static/webpack_dist/vendor-axios.49fc44eff6e0dd2d4787.js",
          "/static/webpack_dist/vendor-vue-gettext.dfe900c742189ebcfa00.js",
          "/static/webpack_dist/vendor-vue-style-loader.041934a36976ef1e9537.js",
          "/static/webpack_dist/vendor-css-loader.8b885a64f3aca0a9db0d.js",
          "/static/webpack_dist/vendor-vue-loader.7f3457fa5e928cf4e86f.js",
          "/static/webpack_dist/vendor-vue-axios.d9f48479f486057d8401.js",
          "/static/webpack_dist/vendor-bootstrap-vue.370d43a5c72ab961faf1.js",
          "/static/webpack_dist/vendor-popper.js.0ddf606065ad36bd4566.js",
          "/static/webpack_dist/vendor-portal-vue.a95db3231c559d2d612d.js",
          "/static/webpack_dist/vendor-vue-functional-data-merge.2a0897724eeac5531c14.js",
          "/static/webpack_dist/vendor-luxon.d44d02d431bd4d4edb4e.js",
          "/static/webpack_dist/vendor-fullcalendar.2bf8c17fededce7aa655.js",
          "/static/webpack_dist/vendor-preact.00d329a8a36444636794.js",
          "/static/webpack_dist/vendor-tslib.a1377d8659f3f490b4e6.js",
          "/static/webpack_dist/PublicSchedule.ff81da6b3f5809740276.js"
        ]
      }
    },
    "PublicWebDJ": {
      "assets": {
        "js": [
          "/static/webpack_dist/translations.2b1a96d9ad8130be4648.js",
          "/static/webpack_dist/vendor-vue.47ccf4be09cdae4503a9.js",
          "/static/webpack_dist/vendor-axios.49fc44eff6e0dd2d4787.js",
          "/static/webpack_dist/vendor-vue-gettext.dfe900c742189ebcfa00.js",
          "/static/webpack_dist/vendor-vue-style-loader.041934a36976ef1e9537.js",
          "/static/webpack_dist/vendor-css-loader.8b885a64f3aca0a9db0d.js",
          "/static/webpack_dist/vendor-vue-loader.7f3457fa5e928cf4e86f.js",
          "/static/webpack_dist/vendor-vue-axios.d9f48479f486057d8401.js",
          "/static/webpack_dist/vendor-bootstrap-vue.370d43a5c72ab961faf1.js",
          "/static/webpack_dist/vendor-popper.js.0ddf606065ad36bd4566.js",
          "/static/webpack_dist/vendor-portal-vue.a95db3231c559d2d612d.js",
          "/static/webpack_dist/vendor-vue-functional-data-merge.2a0897724eeac5531c14.js",
          "/static/webpack_dist/vendor-lodash.a277b42957dc4f3fd2c9.js",
          "/static/webpack_dist/vendor-vuelidate.427ab1afe1206bc425ec.js",
          "/static/webpack_dist/vendor-zxcvbn.72602c3c40afd9102a26.js",
          "/static/webpack_dist/PublicWebDJ.4d27d2163ee1d7be8f23.js"
        ]
      }
    },
    "Recover": {
      "assets": {
        "js": [
          "/static/webpack_dist/translations.2b1a96d9ad8130be4648.js",
          "/static/webpack_dist/vendor-vue.47ccf4be09cdae4503a9.js",
          "/static/webpack_dist/vendor-axios.49fc44eff6e0dd2d4787.js",
          "/static/webpack_dist/vendor-vue-gettext.dfe900c742189ebcfa00.js",
          "/static/webpack_dist/vendor-vue-style-loader.041934a36976ef1e9537.js",
          "/static/webpack_dist/vendor-css-loader.8b885a64f3aca0a9db0d.js",
          "/static/webpack_dist/vendor-vue-loader.7f3457fa5e928cf4e86f.js",
          "/static/webpack_dist/vendor-vue-axios.d9f48479f486057d8401.js",
          "/static/webpack_dist/vendor-bootstrap-vue.370d43a5c72ab961faf1.js",
          "/static/webpack_dist/vendor-popper.js.0ddf606065ad36bd4566.js",
          "/static/webpack_dist/vendor-portal-vue.a95db3231c559d2d612d.js",
          "/static/webpack_dist/vendor-vue-functional-data-merge.2a0897724eeac5531c14.js",
          "/static/webpack_dist/vendor-lodash.a277b42957dc4f3fd2c9.js",
          "/static/webpack_dist/vendor-vuelidate.427ab1afe1206bc425ec.js",
          "/static/webpack_dist/vendor-zxcvbn.72602c3c40afd9102a26.js",
          "/static/webpack_dist/Recover.3187fb61bd81c6d9506e.js"
        ]
      }
    },
    "SetupRegister": {
      "assets": {
        "js": [
          "/static/webpack_dist/translations.2b1a96d9ad8130be4648.js",
          "/static/webpack_dist/vendor-vue.47ccf4be09cdae4503a9.js",
          "/static/webpack_dist/vendor-axios.49fc44eff6e0dd2d4787.js",
          "/static/webpack_dist/vendor-vue-gettext.dfe900c742189ebcfa00.js",
          "/static/webpack_dist/vendor-vue-style-loader.041934a36976ef1e9537.js",
          "/static/webpack_dist/vendor-css-loader.8b885a64f3aca0a9db0d.js",
          "/static/webpack_dist/vendor-vue-loader.7f3457fa5e928cf4e86f.js",
          "/static/webpack_dist/vendor-vue-axios.d9f48479f486057d8401.js",
          "/static/webpack_dist/vendor-bootstrap-vue.370d43a5c72ab961faf1.js",
          "/static/webpack_dist/vendor-popper.js.0ddf606065ad36bd4566.js",
          "/static/webpack_dist/vendor-portal-vue.a95db3231c559d2d612d.js",
          "/static/webpack_dist/vendor-vue-functional-data-merge.2a0897724eeac5531c14.js",
          "/static/webpack_dist/vendor-lodash.a277b42957dc4f3fd2c9.js",
          "/static/webpack_dist/vendor-vuelidate.427ab1afe1206bc425ec.js",
          "/static/webpack_dist/vendor-zxcvbn.72602c3c40afd9102a26.js",
          "/static/webpack_dist/SetupRegister.d6f44faaf729972b1314.js"
        ]
      }
    },
    "SetupSettings": {
      "assets": {
        "js": [
          "/static/webpack_dist/translations.2b1a96d9ad8130be4648.js",
          "/static/webpack_dist/vendor-vue.47ccf4be09cdae4503a9.js",
          "/static/webpack_dist/vendor-axios.49fc44eff6e0dd2d4787.js",
          "/static/webpack_dist/vendor-vue-gettext.dfe900c742189ebcfa00.js",
          "/static/webpack_dist/vendor-vue-style-loader.041934a36976ef1e9537.js",
          "/static/webpack_dist/vendor-css-loader.8b885a64f3aca0a9db0d.js",
          "/static/webpack_dist/vendor-vue-loader.7f3457fa5e928cf4e86f.js",
          "/static/webpack_dist/vendor-vue-axios.d9f48479f486057d8401.js",
          "/static/webpack_dist/vendor-bootstrap-vue.370d43a5c72ab961faf1.js",
          "/static/webpack_dist/vendor-popper.js.0ddf606065ad36bd4566.js",
          "/static/webpack_dist/vendor-portal-vue.a95db3231c559d2d612d.js",
          "/static/webpack_dist/vendor-vue-functional-data-merge.2a0897724eeac5531c14.js",
          "/static/webpack_dist/vendor-lodash.a277b42957dc4f3fd2c9.js",
          "/static/webpack_dist/vendor-vuelidate.427ab1afe1206bc425ec.js",
          "/static/webpack_dist/SetupSettings.b85d9a96b8b5ace0b9ec.js"
        ]
      }
    },
    "SetupStation": {
      "assets": {
        "js": [
          "/static/webpack_dist/translations.2b1a96d9ad8130be4648.js",
          "/static/webpack_dist/vendor-vue.47ccf4be09cdae4503a9.js",
          "/static/webpack_dist/vendor-axios.49fc44eff6e0dd2d4787.js",
          "/static/webpack_dist/vendor-vue-gettext.dfe900c742189ebcfa00.js",
          "/static/webpack_dist/vendor-vue-style-loader.041934a36976ef1e9537.js",
          "/static/webpack_dist/vendor-css-loader.8b885a64f3aca0a9db0d.js",
          "/static/webpack_dist/vendor-vue-loader.7f3457fa5e928cf4e86f.js",
          "/static/webpack_dist/vendor-vue-axios.d9f48479f486057d8401.js",
          "/static/webpack_dist/vendor-bootstrap-vue.370d43a5c72ab961faf1.js",
          "/static/webpack_dist/vendor-popper.js.0ddf606065ad36bd4566.js",
          "/static/webpack_dist/vendor-portal-vue.a95db3231c559d2d612d.js",
          "/static/webpack_dist/vendor-vue-functional-data-merge.2a0897724eeac5531c14.js",
          "/static/webpack_dist/vendor-lodash.a277b42957dc4f3fd2c9.js",
          "/static/webpack_dist/vendor-vuelidate.427ab1afe1206bc425ec.js",
          "/static/webpack_dist/SetupStation.37966ab9bd578bf83cd9.js"
        ]
      }
    },
    "StationsAutomation": {
      "assets": {
        "js": [
          "/static/webpack_dist/translations.2b1a96d9ad8130be4648.js",
          "/static/webpack_dist/vendor-vue.47ccf4be09cdae4503a9.js",
          "/static/webpack_dist/vendor-axios.49fc44eff6e0dd2d4787.js",
          "/static/webpack_dist/vendor-vue-gettext.dfe900c742189ebcfa00.js",
          "/static/webpack_dist/vendor-vue-style-loader.041934a36976ef1e9537.js",
          "/static/webpack_dist/vendor-css-loader.8b885a64f3aca0a9db0d.js",
          "/static/webpack_dist/vendor-vue-loader.7f3457fa5e928cf4e86f.js",
          "/static/webpack_dist/vendor-vue-axios.d9f48479f486057d8401.js",
          "/static/webpack_dist/vendor-bootstrap-vue.370d43a5c72ab961faf1.js",
          "/static/webpack_dist/vendor-popper.js.0ddf606065ad36bd4566.js",
          "/static/webpack_dist/vendor-portal-vue.a95db3231c559d2d612d.js",
          "/static/webpack_dist/vendor-vue-functional-data-merge.2a0897724eeac5531c14.js",
          "/static/webpack_dist/vendor-lodash.a277b42957dc4f3fd2c9.js",
          "/static/webpack_dist/vendor-vuelidate.427ab1afe1206bc425ec.js",
          "/static/webpack_dist/StationsAutomation.8c45b579fe42c3ca0c54.js"
        ]
      }
    },
    "StationsFallback": {
      "assets": {
        "js": [
          "/static/webpack_dist/translations.2b1a96d9ad8130be4648.js",
          "/static/webpack_dist/vendor-vue.47ccf4be09cdae4503a9.js",
          "/static/webpack_dist/vendor-axios.49fc44eff6e0dd2d4787.js",
          "/static/webpack_dist/vendor-vue-gettext.dfe900c742189ebcfa00.js",
          "/static/webpack_dist/vendor-vue-style-loader.041934a36976ef1e9537.js",
          "/static/webpack_dist/vendor-css-loader.8b885a64f3aca0a9db0d.js",
          "/static/webpack_dist/vendor-vue-loader.7f3457fa5e928cf4e86f.js",
          "/static/webpack_dist/vendor-vue-axios.d9f48479f486057d8401.js",
          "/static/webpack_dist/vendor-bootstrap-vue.370d43a5c72ab961faf1.js",
          "/static/webpack_dist/vendor-popper.js.0ddf606065ad36bd4566.js",
          "/static/webpack_dist/vendor-portal-vue.a95db3231c559d2d612d.js",
          "/static/webpack_dist/vendor-vue-functional-data-merge.2a0897724eeac5531c14.js",
          "/static/webpack_dist/vendor-lodash.a277b42957dc4f3fd2c9.js",
          "/static/webpack_dist/vendor-flowjs.f8c61024fab61387d09b.js",
          "/static/webpack_dist/StationsFallback.99ed53929e605565d0d9.js"
        ]
      }
    },
    "StationsLiquidsoapConfig": {
      "assets": {
        "js": [
          "/static/webpack_dist/translations.2b1a96d9ad8130be4648.js",
          "/static/webpack_dist/vendor-vue.47ccf4be09cdae4503a9.js",
          "/static/webpack_dist/vendor-axios.49fc44eff6e0dd2d4787.js",
          "/static/webpack_dist/vendor-vue-gettext.dfe900c742189ebcfa00.js",
          "/static/webpack_dist/vendor-vue-style-loader.041934a36976ef1e9537.js",
          "/static/webpack_dist/vendor-css-loader.8b885a64f3aca0a9db0d.js",
          "/static/webpack_dist/vendor-vue-loader.7f3457fa5e928cf4e86f.js",
          "/static/webpack_dist/vendor-vue-axios.d9f48479f486057d8401.js",
          "/static/webpack_dist/vendor-bootstrap-vue.370d43a5c72ab961faf1.js",
          "/static/webpack_dist/vendor-popper.js.0ddf606065ad36bd4566.js",
          "/static/webpack_dist/vendor-portal-vue.a95db3231c559d2d612d.js",
          "/static/webpack_dist/vendor-vue-functional-data-merge.2a0897724eeac5531c14.js",
          "/static/webpack_dist/vendor-lodash.a277b42957dc4f3fd2c9.js",
          "/static/webpack_dist/vendor-vuelidate.427ab1afe1206bc425ec.js",
          "/static/webpack_dist/StationsLiquidsoapConfig.86a277d4fa64500852a6.js"
        ]
      }
    },
    "StationsMedia": {
      "assets": {
        "js": [
          "/static/webpack_dist/translations.2b1a96d9ad8130be4648.js",
          "/static/webpack_dist/vendor-vue.47ccf4be09cdae4503a9.js",
          "/static/webpack_dist/vendor-axios.49fc44eff6e0dd2d4787.js",
          "/static/webpack_dist/vendor-vue-gettext.dfe900c742189ebcfa00.js",
          "/static/webpack_dist/vendor-vue-style-loader.041934a36976ef1e9537.js",
          "/static/webpack_dist/vendor-css-loader.8b885a64f3aca0a9db0d.js",
          "/static/webpack_dist/vendor-vue-loader.7f3457fa5e928cf4e86f.js",
          "/static/webpack_dist/vendor-vue-axios.d9f48479f486057d8401.js",
          "/static/webpack_dist/vendor-bootstrap-vue.370d43a5c72ab961faf1.js",
          "/static/webpack_dist/vendor-popper.js.0ddf606065ad36bd4566.js",
          "/static/webpack_dist/vendor-portal-vue.a95db3231c559d2d612d.js",
          "/static/webpack_dist/vendor-vue-functional-data-merge.2a0897724eeac5531c14.js",
          "/static/webpack_dist/vendor-lodash.a277b42957dc4f3fd2c9.js",
          "/static/webpack_dist/vendor-store.92c4ae7c1885ea1ff34c.js",
          "/static/webpack_dist/vendor-vuelidate.427ab1afe1206bc425ec.js",
          "/static/webpack_dist/vendor-sweetalert2.0e278f77cdfd2f3c92d8.js",
          "/static/webpack_dist/vendor-luxon.d44d02d431bd4d4edb4e.js",
          "/static/webpack_dist/vendor-vuex.22634263b539c6cddd4a.js",
          "/static/webpack_dist/vendor-fancyapps.459fd98a16c638053ff0.js",
          "/static/webpack_dist/vendor-flowjs.f8c61024fab61387d09b.js",
          "/static/webpack_dist/vendor-wavesurfer.js.2c98a5e351c75c061550.js",
          "/static/webpack_dist/StationsMedia.5ee580fc844ad32f9470.js"
        ]
      }
    },
    "StationsMounts": {
      "assets": {
        "js": [
          "/static/webpack_dist/translations.2b1a96d9ad8130be4648.js",
          "/static/webpack_dist/vendor-vue.47ccf4be09cdae4503a9.js",
          "/static/webpack_dist/vendor-axios.49fc44eff6e0dd2d4787.js",
          "/static/webpack_dist/vendor-vue-gettext.dfe900c742189ebcfa00.js",
          "/static/webpack_dist/vendor-vue-style-loader.041934a36976ef1e9537.js",
          "/static/webpack_dist/vendor-css-loader.8b885a64f3aca0a9db0d.js",
          "/static/webpack_dist/vendor-vue-loader.7f3457fa5e928cf4e86f.js",
          "/static/webpack_dist/vendor-vue-axios.d9f48479f486057d8401.js",
          "/static/webpack_dist/vendor-bootstrap-vue.370d43a5c72ab961faf1.js",
          "/static/webpack_dist/vendor-popper.js.0ddf606065ad36bd4566.js",
          "/static/webpack_dist/vendor-portal-vue.a95db3231c559d2d612d.js",
          "/static/webpack_dist/vendor-vue-functional-data-merge.2a0897724eeac5531c14.js",
          "/static/webpack_dist/vendor-lodash.a277b42957dc4f3fd2c9.js",
          "/static/webpack_dist/vendor-store.92c4ae7c1885ea1ff34c.js",
          "/static/webpack_dist/vendor-vuelidate.427ab1afe1206bc425ec.js",
          "/static/webpack_dist/vendor-sweetalert2.0e278f77cdfd2f3c92d8.js",
          "/static/webpack_dist/vendor-flowjs.f8c61024fab61387d09b.js",
          "/static/webpack_dist/StationsMounts.a0b100ad67a8dec11bb7.js"
        ]
      }
    },
    "StationsPlaylists": {
      "assets": {
        "js": [
          "/static/webpack_dist/translations.2b1a96d9ad8130be4648.js",
          "/static/webpack_dist/vendor-vue.47ccf4be09cdae4503a9.js",
          "/static/webpack_dist/vendor-axios.49fc44eff6e0dd2d4787.js",
          "/static/webpack_dist/vendor-vue-gettext.dfe900c742189ebcfa00.js",
          "/static/webpack_dist/vendor-vue-style-loader.041934a36976ef1e9537.js",
          "/static/webpack_dist/vendor-css-loader.8b885a64f3aca0a9db0d.js",
          "/static/webpack_dist/vendor-vue-loader.7f3457fa5e928cf4e86f.js",
          "/static/webpack_dist/vendor-vue-axios.d9f48479f486057d8401.js",
          "/static/webpack_dist/vendor-bootstrap-vue.370d43a5c72ab961faf1.js",
          "/static/webpack_dist/vendor-popper.js.0ddf606065ad36bd4566.js",
          "/static/webpack_dist/vendor-portal-vue.a95db3231c559d2d612d.js",
          "/static/webpack_dist/vendor-vue-functional-data-merge.2a0897724eeac5531c14.js",
          "/static/webpack_dist/vendor-lodash.a277b42957dc4f3fd2c9.js",
          "/static/webpack_dist/vendor-store.92c4ae7c1885ea1ff34c.js",
          "/static/webpack_dist/vendor-vuelidate.427ab1afe1206bc425ec.js",
          "/static/webpack_dist/vendor-sweetalert2.0e278f77cdfd2f3c92d8.js",
          "/static/webpack_dist/vendor-luxon.d44d02d431bd4d4edb4e.js",
          "/static/webpack_dist/vendor-vuex.22634263b539c6cddd4a.js",
          "/static/webpack_dist/vendor-fullcalendar.2bf8c17fededce7aa655.js",
          "/static/webpack_dist/vendor-preact.00d329a8a36444636794.js",
          "/static/webpack_dist/vendor-tslib.a1377d8659f3f490b4e6.js",
          "/static/webpack_dist/vendor-vuedraggable.a85fd0333f008b05d8ee.js",
          "/static/webpack_dist/vendor-humanize-duration.f19ddd55060d27e6375c.js",
          "/static/webpack_dist/StationsPlaylists.62ac1a38e93c21034b46.js"
        ]
      }
    },
    "StationsPodcasts": {
      "assets": {
        "js": [
          "/static/webpack_dist/translations.2b1a96d9ad8130be4648.js",
          "/static/webpack_dist/vendor-vue.47ccf4be09cdae4503a9.js",
          "/static/webpack_dist/vendor-axios.49fc44eff6e0dd2d4787.js",
          "/static/webpack_dist/vendor-vue-gettext.dfe900c742189ebcfa00.js",
          "/static/webpack_dist/vendor-vue-style-loader.041934a36976ef1e9537.js",
          "/static/webpack_dist/vendor-css-loader.8b885a64f3aca0a9db0d.js",
          "/static/webpack_dist/vendor-vue-loader.7f3457fa5e928cf4e86f.js",
          "/static/webpack_dist/vendor-vue-axios.d9f48479f486057d8401.js",
          "/static/webpack_dist/vendor-bootstrap-vue.370d43a5c72ab961faf1.js",
          "/static/webpack_dist/vendor-popper.js.0ddf606065ad36bd4566.js",
          "/static/webpack_dist/vendor-portal-vue.a95db3231c559d2d612d.js",
          "/static/webpack_dist/vendor-vue-functional-data-merge.2a0897724eeac5531c14.js",
          "/static/webpack_dist/vendor-lodash.a277b42957dc4f3fd2c9.js",
          "/static/webpack_dist/vendor-store.92c4ae7c1885ea1ff34c.js",
          "/static/webpack_dist/vendor-vuelidate.427ab1afe1206bc425ec.js",
          "/static/webpack_dist/vendor-sweetalert2.0e278f77cdfd2f3c92d8.js",
          "/static/webpack_dist/vendor-luxon.d44d02d431bd4d4edb4e.js",
          "/static/webpack_dist/vendor-fancyapps.459fd98a16c638053ff0.js",
          "/static/webpack_dist/vendor-flowjs.f8c61024fab61387d09b.js",
          "/static/webpack_dist/StationsPodcasts.18e103bd97f773019916.js"
        ]
      }
    },
    "StationsProfile": {
      "assets": {
        "js": [
          "/static/webpack_dist/translations.2b1a96d9ad8130be4648.js",
          "/static/webpack_dist/vendor-vue.47ccf4be09cdae4503a9.js",
          "/static/webpack_dist/vendor-axios.49fc44eff6e0dd2d4787.js",
          "/static/webpack_dist/vendor-vue-gettext.dfe900c742189ebcfa00.js",
          "/static/webpack_dist/vendor-vue-style-loader.041934a36976ef1e9537.js",
          "/static/webpack_dist/vendor-css-loader.8b885a64f3aca0a9db0d.js",
          "/static/webpack_dist/vendor-vue-loader.7f3457fa5e928cf4e86f.js",
          "/static/webpack_dist/vendor-vue-axios.d9f48479f486057d8401.js",
          "/static/webpack_dist/vendor-bootstrap-vue.370d43a5c72ab961faf1.js",
          "/static/webpack_dist/vendor-popper.js.0ddf606065ad36bd4566.js",
          "/static/webpack_dist/vendor-portal-vue.a95db3231c559d2d612d.js",
          "/static/webpack_dist/vendor-vue-functional-data-merge.2a0897724eeac5531c14.js",
          "/static/webpack_dist/vendor-lodash.a277b42957dc4f3fd2c9.js",
          "/static/webpack_dist/vendor-store.92c4ae7c1885ea1ff34c.js",
          "/static/webpack_dist/vendor-luxon.d44d02d431bd4d4edb4e.js",
          "/static/webpack_dist/vendor-vuex.22634263b539c6cddd4a.js",
          "/static/webpack_dist/vendor-fancyapps.459fd98a16c638053ff0.js",
          "/static/webpack_dist/vendor-clipboard.20591cb12093ed0b15ed.js",
          "/static/webpack_dist/vendor-vue-clipboard2.7fe002b558b2f37798d7.js",
          "/static/webpack_dist/StationsProfile.56e0c93a517aa3d990c6.js"
        ]
      }
    },
    "StationsProfileEdit": {
      "assets": {
        "js": [
          "/static/webpack_dist/translations.2b1a96d9ad8130be4648.js",
          "/static/webpack_dist/vendor-vue.47ccf4be09cdae4503a9.js",
          "/static/webpack_dist/vendor-axios.49fc44eff6e0dd2d4787.js",
          "/static/webpack_dist/vendor-vue-gettext.dfe900c742189ebcfa00.js",
          "/static/webpack_dist/vendor-vue-style-loader.041934a36976ef1e9537.js",
          "/static/webpack_dist/vendor-css-loader.8b885a64f3aca0a9db0d.js",
          "/static/webpack_dist/vendor-vue-loader.7f3457fa5e928cf4e86f.js",
          "/static/webpack_dist/vendor-vue-axios.d9f48479f486057d8401.js",
          "/static/webpack_dist/vendor-bootstrap-vue.370d43a5c72ab961faf1.js",
          "/static/webpack_dist/vendor-popper.js.0ddf606065ad36bd4566.js",
          "/static/webpack_dist/vendor-portal-vue.a95db3231c559d2d612d.js",
          "/static/webpack_dist/vendor-vue-functional-data-merge.2a0897724eeac5531c14.js",
          "/static/webpack_dist/vendor-lodash.a277b42957dc4f3fd2c9.js",
          "/static/webpack_dist/vendor-vuelidate.427ab1afe1206bc425ec.js",
          "/static/webpack_dist/StationsProfileEdit.4b69d3c647522190de5f.js"
        ]
      }
    },
    "StationsQueue": {
      "assets": {
        "js": [
          "/static/webpack_dist/translations.2b1a96d9ad8130be4648.js",
          "/static/webpack_dist/vendor-vue.47ccf4be09cdae4503a9.js",
          "/static/webpack_dist/vendor-axios.49fc44eff6e0dd2d4787.js",
          "/static/webpack_dist/vendor-vue-gettext.dfe900c742189ebcfa00.js",
          "/static/webpack_dist/vendor-vue-style-loader.041934a36976ef1e9537.js",
          "/static/webpack_dist/vendor-css-loader.8b885a64f3aca0a9db0d.js",
          "/static/webpack_dist/vendor-vue-loader.7f3457fa5e928cf4e86f.js",
          "/static/webpack_dist/vendor-vue-axios.d9f48479f486057d8401.js",
          "/static/webpack_dist/vendor-bootstrap-vue.370d43a5c72ab961faf1.js",
          "/static/webpack_dist/vendor-popper.js.0ddf606065ad36bd4566.js",
          "/static/webpack_dist/vendor-portal-vue.a95db3231c559d2d612d.js",
          "/static/webpack_dist/vendor-vue-functional-data-merge.2a0897724eeac5531c14.js",
          "/static/webpack_dist/vendor-lodash.a277b42957dc4f3fd2c9.js",
          "/static/webpack_dist/vendor-store.92c4ae7c1885ea1ff34c.js",
          "/static/webpack_dist/vendor-sweetalert2.0e278f77cdfd2f3c92d8.js",
          "/static/webpack_dist/vendor-luxon.d44d02d431bd4d4edb4e.js",
          "/static/webpack_dist/vendor-clipboard.20591cb12093ed0b15ed.js",
          "/static/webpack_dist/vendor-vue-clipboard2.7fe002b558b2f37798d7.js",
          "/static/webpack_dist/StationsQueue.2300e1ecb7b57685aa1a.js"
        ]
      }
    },
    "StationsRemotes": {
      "assets": {
        "js": [
          "/static/webpack_dist/translations.2b1a96d9ad8130be4648.js",
          "/static/webpack_dist/vendor-vue.47ccf4be09cdae4503a9.js",
          "/static/webpack_dist/vendor-axios.49fc44eff6e0dd2d4787.js",
          "/static/webpack_dist/vendor-vue-gettext.dfe900c742189ebcfa00.js",
          "/static/webpack_dist/vendor-vue-style-loader.041934a36976ef1e9537.js",
          "/static/webpack_dist/vendor-css-loader.8b885a64f3aca0a9db0d.js",
          "/static/webpack_dist/vendor-vue-loader.7f3457fa5e928cf4e86f.js",
          "/static/webpack_dist/vendor-vue-axios.d9f48479f486057d8401.js",
          "/static/webpack_dist/vendor-bootstrap-vue.370d43a5c72ab961faf1.js",
          "/static/webpack_dist/vendor-popper.js.0ddf606065ad36bd4566.js",
          "/static/webpack_dist/vendor-portal-vue.a95db3231c559d2d612d.js",
          "/static/webpack_dist/vendor-vue-functional-data-merge.2a0897724eeac5531c14.js",
          "/static/webpack_dist/vendor-lodash.a277b42957dc4f3fd2c9.js",
          "/static/webpack_dist/vendor-store.92c4ae7c1885ea1ff34c.js",
          "/static/webpack_dist/vendor-vuelidate.427ab1afe1206bc425ec.js",
          "/static/webpack_dist/vendor-sweetalert2.0e278f77cdfd2f3c92d8.js",
          "/static/webpack_dist/vendor-flowjs.f8c61024fab61387d09b.js",
          "/static/webpack_dist/StationsRemotes.2b1c9efbdff6f3d74f5e.js"
        ]
      }
    },
    "StationsStreamers": {
      "assets": {
        "js": [
          "/static/webpack_dist/translations.2b1a96d9ad8130be4648.js",
          "/static/webpack_dist/vendor-vue.47ccf4be09cdae4503a9.js",
          "/static/webpack_dist/vendor-axios.49fc44eff6e0dd2d4787.js",
          "/static/webpack_dist/vendor-vue-gettext.dfe900c742189ebcfa00.js",
          "/static/webpack_dist/vendor-vue-style-loader.041934a36976ef1e9537.js",
          "/static/webpack_dist/vendor-css-loader.8b885a64f3aca0a9db0d.js",
          "/static/webpack_dist/vendor-vue-loader.7f3457fa5e928cf4e86f.js",
          "/static/webpack_dist/vendor-vue-axios.d9f48479f486057d8401.js",
          "/static/webpack_dist/vendor-bootstrap-vue.370d43a5c72ab961faf1.js",
          "/static/webpack_dist/vendor-popper.js.0ddf606065ad36bd4566.js",
          "/static/webpack_dist/vendor-portal-vue.a95db3231c559d2d612d.js",
          "/static/webpack_dist/vendor-vue-functional-data-merge.2a0897724eeac5531c14.js",
          "/static/webpack_dist/vendor-lodash.a277b42957dc4f3fd2c9.js",
          "/static/webpack_dist/vendor-store.92c4ae7c1885ea1ff34c.js",
          "/static/webpack_dist/vendor-vuelidate.427ab1afe1206bc425ec.js",
          "/static/webpack_dist/vendor-sweetalert2.0e278f77cdfd2f3c92d8.js",
          "/static/webpack_dist/vendor-luxon.d44d02d431bd4d4edb4e.js",
          "/static/webpack_dist/vendor-vuex.22634263b539c6cddd4a.js",
          "/static/webpack_dist/vendor-fullcalendar.2bf8c17fededce7aa655.js",
          "/static/webpack_dist/vendor-preact.00d329a8a36444636794.js",
          "/static/webpack_dist/vendor-tslib.a1377d8659f3f490b4e6.js",
          "/static/webpack_dist/StationsStreamers.9315e9761b2b9b2eaa34.js"
        ]
      }
    },
    "StationsReportsListeners": {
      "assets": {
        "js": [
          "/static/webpack_dist/translations.2b1a96d9ad8130be4648.js",
          "/static/webpack_dist/vendor-vue.47ccf4be09cdae4503a9.js",
          "/static/webpack_dist/vendor-axios.49fc44eff6e0dd2d4787.js",
          "/static/webpack_dist/vendor-vue-gettext.dfe900c742189ebcfa00.js",
          "/static/webpack_dist/vendor-vue-style-loader.041934a36976ef1e9537.js",
          "/static/webpack_dist/vendor-css-loader.8b885a64f3aca0a9db0d.js",
          "/static/webpack_dist/vendor-vue-loader.7f3457fa5e928cf4e86f.js",
          "/static/webpack_dist/vendor-vue-axios.d9f48479f486057d8401.js",
          "/static/webpack_dist/vendor-bootstrap-vue.370d43a5c72ab961faf1.js",
          "/static/webpack_dist/vendor-popper.js.0ddf606065ad36bd4566.js",
          "/static/webpack_dist/vendor-portal-vue.a95db3231c559d2d612d.js",
          "/static/webpack_dist/vendor-vue-functional-data-merge.2a0897724eeac5531c14.js",
          "/static/webpack_dist/vendor-lodash.a277b42957dc4f3fd2c9.js",
          "/static/webpack_dist/vendor-store.92c4ae7c1885ea1ff34c.js",
          "/static/webpack_dist/vendor-luxon.d44d02d431bd4d4edb4e.js",
          "/static/webpack_dist/vendor-vue2-daterange-picker.6774698b12ab06cacc01.js",
          "/static/webpack_dist/vendor-vue2-leaflet.03cd7f93fb26a6e1f914.js",
          "/static/webpack_dist/vendor-leaflet.75ccdeb2f3d06d6a72c3.js",
          "/static/webpack_dist/vendor-leaflet-fullscreen.4e3ac18439b86da60d57.js",
          "/static/webpack_dist/vendor-vue2-leaflet-fullscreen.0b6ff16c48e669dc631f.js",
          "/static/webpack_dist/StationsReportsListeners.25c4c66a31194cb0e9cc.js"
        ]
      }
    },
    "StationsReportsRequests": {
      "assets": {
        "js": [
          "/static/webpack_dist/translations.2b1a96d9ad8130be4648.js",
          "/static/webpack_dist/vendor-vue.47ccf4be09cdae4503a9.js",
          "/static/webpack_dist/vendor-axios.49fc44eff6e0dd2d4787.js",
          "/static/webpack_dist/vendor-vue-gettext.dfe900c742189ebcfa00.js",
          "/static/webpack_dist/vendor-vue-style-loader.041934a36976ef1e9537.js",
          "/static/webpack_dist/vendor-css-loader.8b885a64f3aca0a9db0d.js",
          "/static/webpack_dist/vendor-vue-loader.7f3457fa5e928cf4e86f.js",
          "/static/webpack_dist/vendor-vue-axios.d9f48479f486057d8401.js",
          "/static/webpack_dist/vendor-bootstrap-vue.370d43a5c72ab961faf1.js",
          "/static/webpack_dist/vendor-popper.js.0ddf606065ad36bd4566.js",
          "/static/webpack_dist/vendor-portal-vue.a95db3231c559d2d612d.js",
          "/static/webpack_dist/vendor-vue-functional-data-merge.2a0897724eeac5531c14.js",
          "/static/webpack_dist/vendor-lodash.a277b42957dc4f3fd2c9.js",
          "/static/webpack_dist/vendor-store.92c4ae7c1885ea1ff34c.js",
          "/static/webpack_dist/vendor-sweetalert2.0e278f77cdfd2f3c92d8.js",
          "/static/webpack_dist/vendor-luxon.d44d02d431bd4d4edb4e.js",
          "/static/webpack_dist/StationsReportsRequests.4fee868f69ddda03b06f.js"
        ]
      }
    },
    "StationsReportsOverview": {
      "assets": {
        "js": [
          "/static/webpack_dist/translations.2b1a96d9ad8130be4648.js",
          "/static/webpack_dist/vendor-vue.47ccf4be09cdae4503a9.js",
          "/static/webpack_dist/vendor-axios.49fc44eff6e0dd2d4787.js",
          "/static/webpack_dist/vendor-vue-gettext.dfe900c742189ebcfa00.js",
          "/static/webpack_dist/vendor-vue-style-loader.041934a36976ef1e9537.js",
          "/static/webpack_dist/vendor-css-loader.8b885a64f3aca0a9db0d.js",
          "/static/webpack_dist/vendor-vue-loader.7f3457fa5e928cf4e86f.js",
          "/static/webpack_dist/vendor-vue-axios.d9f48479f486057d8401.js",
          "/static/webpack_dist/vendor-bootstrap-vue.370d43a5c72ab961faf1.js",
          "/static/webpack_dist/vendor-popper.js.0ddf606065ad36bd4566.js",
          "/static/webpack_dist/vendor-portal-vue.a95db3231c559d2d612d.js",
          "/static/webpack_dist/vendor-vue-functional-data-merge.2a0897724eeac5531c14.js",
          "/static/webpack_dist/vendor-lodash.a277b42957dc4f3fd2c9.js",
          "/static/webpack_dist/vendor-store.92c4ae7c1885ea1ff34c.js",
          "/static/webpack_dist/vendor-luxon.d44d02d431bd4d4edb4e.js",
          "/static/webpack_dist/vendor-chart.js.4b038cff26935e8f2433.js",
          "/static/webpack_dist/vendor-hammerjs.8414646a28686abc3ebd.js",
          "/static/webpack_dist/vendor-chartjs-plugin-zoom.f35f30d36962e351740d.js",
          "/static/webpack_dist/vendor-chartjs-adapter-luxon.1351828aec75198873fb.js",
          "/static/webpack_dist/StationsReportsOverview.b1675334de36cb53be23.js"
        ]
      }
    },
    "StationsReportsPerformance": {
      "assets": {
        "js": [
          "/static/webpack_dist/translations.2b1a96d9ad8130be4648.js",
          "/static/webpack_dist/vendor-vue.47ccf4be09cdae4503a9.js",
          "/static/webpack_dist/vendor-axios.49fc44eff6e0dd2d4787.js",
          "/static/webpack_dist/vendor-vue-gettext.dfe900c742189ebcfa00.js",
          "/static/webpack_dist/vendor-vue-style-loader.041934a36976ef1e9537.js",
          "/static/webpack_dist/vendor-css-loader.8b885a64f3aca0a9db0d.js",
          "/static/webpack_dist/vendor-vue-loader.7f3457fa5e928cf4e86f.js",
          "/static/webpack_dist/vendor-vue-axios.d9f48479f486057d8401.js",
          "/static/webpack_dist/vendor-bootstrap-vue.370d43a5c72ab961faf1.js",
          "/static/webpack_dist/vendor-popper.js.0ddf606065ad36bd4566.js",
          "/static/webpack_dist/vendor-portal-vue.a95db3231c559d2d612d.js",
          "/static/webpack_dist/vendor-vue-functional-data-merge.2a0897724eeac5531c14.js",
          "/static/webpack_dist/vendor-lodash.a277b42957dc4f3fd2c9.js",
          "/static/webpack_dist/vendor-store.92c4ae7c1885ea1ff34c.js",
          "/static/webpack_dist/StationsReportsPerformance.142e259e754ec50a7dd3.js"
        ]
      }
    },
    "StationsReportsSoundExchange": {
      "assets": {
        "js": [
          "/static/webpack_dist/translations.2b1a96d9ad8130be4648.js",
          "/static/webpack_dist/vendor-vue.47ccf4be09cdae4503a9.js",
          "/static/webpack_dist/vendor-axios.49fc44eff6e0dd2d4787.js",
          "/static/webpack_dist/vendor-vue-gettext.dfe900c742189ebcfa00.js",
          "/static/webpack_dist/vendor-vue-style-loader.041934a36976ef1e9537.js",
          "/static/webpack_dist/vendor-css-loader.8b885a64f3aca0a9db0d.js",
          "/static/webpack_dist/vendor-vue-loader.7f3457fa5e928cf4e86f.js",
          "/static/webpack_dist/vendor-vue-axios.d9f48479f486057d8401.js",
          "/static/webpack_dist/vendor-bootstrap-vue.370d43a5c72ab961faf1.js",
          "/static/webpack_dist/vendor-popper.js.0ddf606065ad36bd4566.js",
          "/static/webpack_dist/vendor-portal-vue.a95db3231c559d2d612d.js",
          "/static/webpack_dist/vendor-vue-functional-data-merge.2a0897724eeac5531c14.js",
          "/static/webpack_dist/vendor-lodash.a277b42957dc4f3fd2c9.js",
          "/static/webpack_dist/vendor-vuelidate.427ab1afe1206bc425ec.js",
          "/static/webpack_dist/vendor-luxon.d44d02d431bd4d4edb4e.js",
          "/static/webpack_dist/StationsReportsSoundExchange.251c5cc6860df9ba09ad.js"
        ]
      }
    },
    "StationsReportsTimeline": {
      "assets": {
        "js": [
          "/static/webpack_dist/translations.2b1a96d9ad8130be4648.js",
          "/static/webpack_dist/vendor-vue.47ccf4be09cdae4503a9.js",
          "/static/webpack_dist/vendor-axios.49fc44eff6e0dd2d4787.js",
          "/static/webpack_dist/vendor-vue-gettext.dfe900c742189ebcfa00.js",
          "/static/webpack_dist/vendor-vue-style-loader.041934a36976ef1e9537.js",
          "/static/webpack_dist/vendor-css-loader.8b885a64f3aca0a9db0d.js",
          "/static/webpack_dist/vendor-vue-loader.7f3457fa5e928cf4e86f.js",
          "/static/webpack_dist/vendor-vue-axios.d9f48479f486057d8401.js",
          "/static/webpack_dist/vendor-bootstrap-vue.370d43a5c72ab961faf1.js",
          "/static/webpack_dist/vendor-popper.js.0ddf606065ad36bd4566.js",
          "/static/webpack_dist/vendor-portal-vue.a95db3231c559d2d612d.js",
          "/static/webpack_dist/vendor-vue-functional-data-merge.2a0897724eeac5531c14.js",
          "/static/webpack_dist/vendor-lodash.a277b42957dc4f3fd2c9.js",
          "/static/webpack_dist/vendor-store.92c4ae7c1885ea1ff34c.js",
          "/static/webpack_dist/vendor-luxon.d44d02d431bd4d4edb4e.js",
          "/static/webpack_dist/vendor-vue2-daterange-picker.6774698b12ab06cacc01.js",
          "/static/webpack_dist/StationsReportsTimeline.1299775efe4cb31ba818.js"
        ]
      }
    },
    "StationsSftpUsers": {
      "assets": {
        "js": [
          "/static/webpack_dist/translations.2b1a96d9ad8130be4648.js",
          "/static/webpack_dist/vendor-vue.47ccf4be09cdae4503a9.js",
          "/static/webpack_dist/vendor-axios.49fc44eff6e0dd2d4787.js",
          "/static/webpack_dist/vendor-vue-gettext.dfe900c742189ebcfa00.js",
          "/static/webpack_dist/vendor-vue-style-loader.041934a36976ef1e9537.js",
          "/static/webpack_dist/vendor-css-loader.8b885a64f3aca0a9db0d.js",
          "/static/webpack_dist/vendor-vue-loader.7f3457fa5e928cf4e86f.js",
          "/static/webpack_dist/vendor-vue-axios.d9f48479f486057d8401.js",
          "/static/webpack_dist/vendor-bootstrap-vue.370d43a5c72ab961faf1.js",
          "/static/webpack_dist/vendor-popper.js.0ddf606065ad36bd4566.js",
          "/static/webpack_dist/vendor-portal-vue.a95db3231c559d2d612d.js",
          "/static/webpack_dist/vendor-vue-functional-data-merge.2a0897724eeac5531c14.js",
          "/static/webpack_dist/vendor-lodash.a277b42957dc4f3fd2c9.js",
          "/static/webpack_dist/vendor-store.92c4ae7c1885ea1ff34c.js",
          "/static/webpack_dist/vendor-vuelidate.427ab1afe1206bc425ec.js",
          "/static/webpack_dist/vendor-sweetalert2.0e278f77cdfd2f3c92d8.js",
          "/static/webpack_dist/StationsSftpUsers.7a27e2aba63182feac18.js"
        ]
      }
    },
    "StationsWebhooks": {
      "assets": {
        "js": [
          "/static/webpack_dist/translations.2b1a96d9ad8130be4648.js",
          "/static/webpack_dist/vendor-vue.47ccf4be09cdae4503a9.js",
          "/static/webpack_dist/vendor-axios.49fc44eff6e0dd2d4787.js",
          "/static/webpack_dist/vendor-vue-gettext.dfe900c742189ebcfa00.js",
          "/static/webpack_dist/vendor-vue-style-loader.041934a36976ef1e9537.js",
          "/static/webpack_dist/vendor-css-loader.8b885a64f3aca0a9db0d.js",
          "/static/webpack_dist/vendor-vue-loader.7f3457fa5e928cf4e86f.js",
          "/static/webpack_dist/vendor-vue-axios.d9f48479f486057d8401.js",
          "/static/webpack_dist/vendor-bootstrap-vue.370d43a5c72ab961faf1.js",
          "/static/webpack_dist/vendor-popper.js.0ddf606065ad36bd4566.js",
          "/static/webpack_dist/vendor-portal-vue.a95db3231c559d2d612d.js",
          "/static/webpack_dist/vendor-vue-functional-data-merge.2a0897724eeac5531c14.js",
          "/static/webpack_dist/vendor-lodash.a277b42957dc4f3fd2c9.js",
          "/static/webpack_dist/vendor-store.92c4ae7c1885ea1ff34c.js",
          "/static/webpack_dist/vendor-vuelidate.427ab1afe1206bc425ec.js",
          "/static/webpack_dist/vendor-sweetalert2.0e278f77cdfd2f3c92d8.js",
          "/static/webpack_dist/vendor-clipboard.20591cb12093ed0b15ed.js",
          "/static/webpack_dist/vendor-vue-clipboard2.7fe002b558b2f37798d7.js",
          "/static/webpack_dist/StationsWebhooks.fe754d2f9e2fd467d190.js"
        ]
      }
    }
  },
  "images/fullscreen.png": "/static/webpack_dist/images/f2c17d21245758a145e8.png",
  "images/fullscreen@2x.png": "/static/webpack_dist/images/29e76bbe73634d791d3c.png",
  "images/layers-2x.png": "/static/webpack_dist/images/8f2c4d11474275fbc161.png",
  "images/layers.png": "/static/webpack_dist/images/416d91365b44e4b4f477.png",
  "images/marker-icon-2x.png": "/static/webpack_dist/images/680f69f3c2e6b90c1812.png",
  "images/marker-icon.png": "/static/webpack_dist/images/2b3e1faf89f94a483539.png",
  "images/marker-shadow.png": "/static/webpack_dist/images/a0c6cc1401c107b501ef.png",
  "translations.js": "/static/webpack_dist/translations.2b1a96d9ad8130be4648.js",
  "vendor-axios.js": "/static/webpack_dist/vendor-axios.49fc44eff6e0dd2d4787.js",
  "vendor-bootstrap-vue.js": "/static/webpack_dist/vendor-bootstrap-vue.370d43a5c72ab961faf1.js",
  "vendor-chart.js.js": "/static/webpack_dist/vendor-chart.js.4b038cff26935e8f2433.js",
  "vendor-chartjs-adapter-luxon.js": "/static/webpack_dist/vendor-chartjs-adapter-luxon.1351828aec75198873fb.js",
  "vendor-chartjs-plugin-zoom.js": "/static/webpack_dist/vendor-chartjs-plugin-zoom.f35f30d36962e351740d.js",
  "vendor-clipboard.js": "/static/webpack_dist/vendor-clipboard.20591cb12093ed0b15ed.js",
  "vendor-codemirror.js": "/static/webpack_dist/vendor-codemirror.641157d19a65ff27ed1f.js",
  "vendor-css-loader.js": "/static/webpack_dist/vendor-css-loader.8b885a64f3aca0a9db0d.js",
  "vendor-fancyapps.js": "/static/webpack_dist/vendor-fancyapps.459fd98a16c638053ff0.js",
  "vendor-flowjs.js": "/static/webpack_dist/vendor-flowjs.f8c61024fab61387d09b.js",
  "vendor-fullcalendar.js": "/static/webpack_dist/vendor-fullcalendar.2bf8c17fededce7aa655.js",
  "vendor-hammerjs.js": "/static/webpack_dist/vendor-hammerjs.8414646a28686abc3ebd.js",
  "vendor-humanize-duration.js": "/static/webpack_dist/vendor-humanize-duration.f19ddd55060d27e6375c.js",
  "vendor-leaflet-fullscreen.js": "/static/webpack_dist/vendor-leaflet-fullscreen.4e3ac18439b86da60d57.js",
  "vendor-leaflet.js": "/static/webpack_dist/vendor-leaflet.75ccdeb2f3d06d6a72c3.js",
  "vendor-lodash.js": "/static/webpack_dist/vendor-lodash.a277b42957dc4f3fd2c9.js",
  "vendor-luxon.js": "/static/webpack_dist/vendor-luxon.d44d02d431bd4d4edb4e.js",
  "vendor-nchan.js": "/static/webpack_dist/vendor-nchan.0093c5a5a8d3823a8a4e.js",
  "vendor-popper.js.js": "/static/webpack_dist/vendor-popper.js.0ddf606065ad36bd4566.js",
  "vendor-portal-vue.js": "/static/webpack_dist/vendor-portal-vue.a95db3231c559d2d612d.js",
  "vendor-preact.js": "/static/webpack_dist/vendor-preact.00d329a8a36444636794.js",
  "vendor-store.js": "/static/webpack_dist/vendor-store.92c4ae7c1885ea1ff34c.js",
  "vendor-sweetalert2.js": "/static/webpack_dist/vendor-sweetalert2.0e278f77cdfd2f3c92d8.js",
  "vendor-tslib.js": "/static/webpack_dist/vendor-tslib.a1377d8659f3f490b4e6.js",
  "vendor-vue-axios.js": "/static/webpack_dist/vendor-vue-axios.d9f48479f486057d8401.js",
  "vendor-vue-clipboard2.js": "/static/webpack_dist/vendor-vue-clipboard2.7fe002b558b2f37798d7.js",
  "vendor-vue-functional-data-merge.js": "/static/webpack_dist/vendor-vue-functional-data-merge.2a0897724eeac5531c14.js",
  "vendor-vue-gettext.js": "/static/webpack_dist/vendor-vue-gettext.dfe900c742189ebcfa00.js",
  "vendor-vue-loader.js": "/static/webpack_dist/vendor-vue-loader.7f3457fa5e928cf4e86f.js",
  "vendor-vue-style-loader.js": "/static/webpack_dist/vendor-vue-style-loader.041934a36976ef1e9537.js",
  "vendor-vue.js": "/static/webpack_dist/vendor-vue.47ccf4be09cdae4503a9.js",
  "vendor-vue2-daterange-picker.js": "/static/webpack_dist/vendor-vue2-daterange-picker.6774698b12ab06cacc01.js",
  "vendor-vue2-leaflet-fullscreen.js": "/static/webpack_dist/vendor-vue2-leaflet-fullscreen.0b6ff16c48e669dc631f.js",
  "vendor-vue2-leaflet.js": "/static/webpack_dist/vendor-vue2-leaflet.03cd7f93fb26a6e1f914.js",
  "vendor-vuedraggable.js": "/static/webpack_dist/vendor-vuedraggable.a85fd0333f008b05d8ee.js",
  "vendor-vuelidate.js": "/static/webpack_dist/vendor-vuelidate.427ab1afe1206bc425ec.js",
  "vendor-vuex.js": "/static/webpack_dist/vendor-vuex.22634263b539c6cddd4a.js",
  "vendor-wavesurfer.js.js": "/static/webpack_dist/vendor-wavesurfer.js.2c98a5e351c75c061550.js",
  "vendor-zxcvbn.js": "/static/webpack_dist/vendor-zxcvbn.72602c3c40afd9102a26.js"
}