{
    "active": true,
    "name": "Data fixtures",
    "slug": "data-fixtures",
    "docsSlug": "doctrine-data-fixtures",
    "versions": [
        {
            "name": "1.5",
            "branchName": "1.5.x",
            "slug": "latest",
            "upcoming": true
        },
        {
            "name": "1.4",
            "branchName": "1.4.x",
            "slug": "1.4",
            "current": true,
            "aliases": [
                "current",
                "stable"
            ]
        },
        {
            "name": "1.3",
            "branchName": "1.3",
            "slug": "1.3",
            "maintained": false
        }
    ]
}
